Luca-Marcello,Raffa-Mauro,
Guido-Sabba,Raffa-Gherra,
Claudio-Marcello,Gherra-Mauro,
Luca-Marcello,Guido-Mauro,
Raffa-Mauro,Gherra-Sabba,
Guido-Claudio,Gherra-Marcello,
Guido-Raffa,Marcello-Sabba,
Guido-Claudio,Raffa-Gherra,
Guido-Gherra,Mauro-Marcello,
Luca-Sabba,Raffa-Claudio,
Guido-Raffa,Gherra-Marcello,
Luca-Sabba,Mauro-Marcello,
Raffa-Marcello,Mauro-Sabba,
Raffa-Marcello,Claudio-Sabba,
Luca-Gherra,Raffa-Claudio,
Luca-Gherra,Guido-Claudio,
Guido-Claudio,Mauro-Marcello,
Raffa-Claudio,Mauro-Marcello,
Guido-Gherra,Raffa-Claudio,
Guido-Marcello,Mauro-Sabba,
Luca-Sabba,Raffa-Gherra,
Luca-Guido,Raffa-Gherra,
Luca-Marcello,Guido-Gherra,
Luca-Raffa,Claudio-Gherra,
Guido-Gherra,Marcello-Sabba,
Raffa-Sabba,Claudio-Marcello,
Guido-Claudio,Mauro-Sabba,
Raffa-Gherra,Marcello-Sabba,
Luca-Guido,Mauro-Marcello,
Luca-Gherra,Guido-Raffa,
Raffa-Claudio,Marcello-Sabba,
Guido-Mauro,Gherra-Marcello,
Luca-Gherra,Raffa-Mauro,
Guido-Mauro,Claudio-Gherra,
Raffa-Gherra,Mauro-Marcello,
Guido-Gherra,Raffa-Sabba,
Raffa-Claudio,Mauro-Sabba,
Gherra-Sabba,Mauro-Marcello,
Guido-Sabba,Claudio-Gherra,
Guido-Gherra,Claudio-Marcello,
Luca-Marcello,Mauro-Sabba,
Raffa-Claudio,Gherra-Sabba,
Claudio-Sabba,Mauro-Marcello,
Guido-Raffa,Mauro-Sabba,
Luca-Gherra,Claudio-Marcello,
Luca-Guido,Gherra-Marcello,
Luca-Raffa,Gherra-Marcello,
Luca-Mauro,Claudio-Sabba,
Luca-Marcello,Gherra-Sabba,
Luca-Guido,Raffa-Marcello,
Luca-Marcello,Claudio-Mauro,
Raffa-Marcello,Gherra-Mauro,
Luca-Raffa,Guido-Claudio,
Luca-Claudio,Mauro-Sabba,
Raffa-Marcello,Claudio-Gherra,
Guido-Raffa,Claudio-Sabba,
Guido-Marcello,Raffa-Mauro,
Luca-Sabba,Guido-Gherra,
Claudio-Gherra,Mauro-Marcello,
Raffa-Sabba,Claudio-Gherra,
Raffa-Claudio,Gherra-Mauro,
Luca-Mauro,Guido-Sabba,
Raffa-Gherra,Claudio-Mauro,
Guido-Marcello,Claudio-Gherra,
Luca-Guido,Claudio-Marcello,
Luca-Raffa,Guido-Sabba,
Guido-Sabba,Gherra-Marcello,
Raffa-Marcello,Claudio-Mauro,
Claudio-Mauro,Gherra-Sabba,
Luca-Sabba,Gherra-Mauro,
Luca-Raffa,Claudio-Mauro,
Raffa-Mauro,Claudio-Sabba,
Luca-Raffa,Mauro-Marcello,
Guido-Claudio,Raffa-Sabba,
Guido-Mauro,Raffa-Marcello,
Luca-Marcello,Raffa-Gherra,
Luca-Mauro,Claudio-Marcello,
Guido-Claudio,Gherra-Mauro,
Guido-Mauro,Raffa-Claudio,
Luca-Raffa,Gherra-Sabba,
Luca-Marcello,Raffa-Sabba,
Claudio-Sabba,Gherra-Marcello,
Luca-Mauro,Gherra-Marcello,
Luca-Gherra,Mauro-Sabba,
Guido-Sabba,Claudio-Mauro,
Luca-Gherra,Raffa-Sabba,
Luca-Raffa,Claudio-Sabba,
Guido-Marcello,Claudio-Mauro,
Luca-Sabba,Guido-Marcello,
Luca-Mauro,Guido-Claudio,
Luca-Claudio,Raffa-Gherra,
Gherra-Mauro,Marcello-Sabba,
Guido-Mauro,Claudio-Marcello,
Gherra-Marcello,Mauro-Sabba,
Luca-Claudio,Raffa-Sabba,
Luca-Gherra,Claudio-Sabba,
Guido-Sabba,Mauro-Marcello,
Luca-Guido,Raffa-Claudio,
Guido-Sabba,Gherra-Mauro,
Guido-Marcello,Raffa-Claudio,
Luca-Gherra,Raffa-Marcello,
Luca-Sabba,Gherra-Marcello,
Raffa-Claudio,Gherra-Marcello,
Claudio-Mauro,Gherra-Marcello,
Claudio-Mauro,Marcello-Sabba,
Luca-Sabba,Guido-Raffa,
Luca-Marcello,Guido-Raffa,
Luca-Claudio,Guido-Raffa,
Guido-Raffa,Claudio-Gherra,
Guido-Claudio,Raffa-Marcello,
Luca-Marcello,Guido-Claudio,
Luca-Raffa,Marcello-Sabba,
Luca-Raffa,Mauro-Sabba,
Raffa-Sabba,Gherra-Mauro,
Guido-Raffa,Gherra-Mauro,
Guido-Mauro,Raffa-Sabba,
Luca-Marcello,Claudio-Gherra,
Guido-Marcello,Raffa-Sabba,
Luca-Gherra,Marcello-Sabba,
Luca-Mauro,Raffa-Claudio,
Guido-Gherra,Raffa-Marcello,
Luca-Claudio,Guido-Gherra,
Luca-Guido,Gherra-Mauro,
Claudio-Marcello,Gherra-Sabba,
Guido-Mauro,Claudio-Sabba,
Guido-Sabba,Raffa-Marcello,
Guido-Sabba,Raffa-Mauro,
Luca-Sabba,Guido-Mauro,
Guido-Claudio,Marcello-Sabba,
Guido-Marcello,Claudio-Sabba,
Luca-Claudio,Guido-Mauro,
Luca-Claudio,Raffa-Mauro,
Raffa-Marcello,Gherra-Sabba,
Guido-Gherra,Claudio-Sabba,
Raffa-Mauro,Gherra-Marcello,
Luca-Mauro,Raffa-Sabba,
Luca-Raffa,Guido-Mauro,
Guido-Raffa,Claudio-Mauro,
Luca-Sabba,Raffa-Mauro,
Luca-Sabba,Claudio-Mauro,
Luca-Marcello,Claudio-Sabba,
Luca-Sabba,Claudio-Marcello,
Luca-Sabba,Guido-Claudio,
Raffa-Mauro,Claudio-Marcello,
Luca-Mauro,Raffa-Gherra,
Guido-Mauro,Raffa-Gherra,
Luca-Claudio,Mauro-Marcello,
Luca-Gherra,Guido-Mauro,
Luca-Raffa,Guido-Gherra,
Luca-Marcello,Guido-Sabba,
Guido-Gherra,Claudio-Mauro,
Luca-Gherra,Claudio-Mauro,
Luca-Marcello,Gherra-Mauro,
Luca-Claudio,Gherra-Sabba,
Guido-Claudio,Raffa-Mauro,
Guido-Gherra,Mauro-Sabba,
Luca-Mauro,Raffa-Marcello,
Guido-Raffa,Claudio-Marcello,
Guido-Raffa,Mauro-Marcello,
Guido-Mauro,Gherra-Sabba,
Luca-Gherra,Guido-Marcello,
Claudio-Gherra,Mauro-Sabba,
Raffa-Gherra,Mauro-Sabba,
Guido-Gherra,Raffa-Mauro,
Raffa-Sabba,Mauro-Marcello,
Luca-Raffa,Gherra-Mauro,
Luca-Claudio,Marcello-Sabba,
Luca-Guido,Raffa-Mauro,
Luca-Claudio,Gherra-Marcello,
Guido-Sabba,Claudio-Marcello,
Luca-Guido,Gherra-Sabba,
Luca-Guido,Raffa-Sabba,
Guido-Claudio,Gherra-Sabba,
Raffa-Gherra,Claudio-Marcello,
Luca-Raffa,Guido-Marcello,
Raffa-Mauro,Marcello-Sabba,
Luca-Mauro,Guido-Gherra,
Claudio-Gherra,Marcello-Sabba,
Raffa-Sabba,Gherra-Marcello,
Luca-Guido,Marcello-Sabba,
Luca-Gherra,Guido-Sabba,
Luca-Mauro,Guido-Marcello,
Guido-Mauro,Marcello-Sabba,
Guido-Marcello,Gherra-Sabba,
Luca-Sabba,Raffa-Marcello,
Raffa-Sabba,Claudio-Mauro,
Luca-Gherra,Mauro-Marcello,
Luca-Mauro,Gherra-Sabba,
Luca-Guido,Mauro-Sabba,
Guido-Sabba,Raffa-Claudio,
Raffa-Gherra,Claudio-Sabba,
Claudio-Marcello,Mauro-Sabba,
Luca-Claudio,Guido-Marcello,
Raffa-Mauro,Claudio-Gherra,
Luca-Mauro,Guido-Raffa,
Luca-Claudio,Raffa-Marcello,
Claudio-Sabba,Gherra-Mauro,
Luca-Marcello,Raffa-Claudio,
Luca-Guido,Claudio-Gherra,
Luca-Mauro,Claudio-Gherra,
Luca-Claudio,Guido-Sabba,
Guido-Raffa,Gherra-Sabba,
Luca-Mauro,Marcello-Sabba,
Guido-Marcello,Raffa-Gherra,
Guido-Marcello,Gherra-Mauro,
Luca-Raffa,Claudio-Marcello,
Luca-Guido,Claudio-Mauro,
Luca-Sabba,Claudio-Gherra,
Luca-Claudio,Gherra-Mauro,
Luca-Guido,Claudio-Sabba,
